,Sex,Length,Diameter,Height,Whole weight,Shucked weight,Viscera weight,Shell weight,Rings
3245,F,0.695,0.55,0.16,1.6365,0.694,0.3005,0.44,13
3485,I,0.485,0.37,0.115,0.637,0.38,0.1335,0.128,7
572,F,0.59,0.455,0.155,1.066,0.382,0.2275,0.415,20
3629,I,0.27,0.205,0.05,0.084,0.03,0.0185,0.029,6
337,M,0.59,0.45,0.185,1.283,0.473,0.276,0.425,16
985,M,0.57,0.45,0.155,1.1935,0.513,0.21,0.343,10
1049,M,0.715,0.565,0.175,1.9525,0.7645,0.4185,0.4135,10
3545,I,0.475,0.36,0.135,0.4355,0.196,0.0925,0.125,8
1022,F,0.64,0.5,0.17,1.5175,0.693,0.326,0.409,11
3292,F,0.495,0.375,0.15,0.597,0.2615,0.135,0.178,11
3821,M,0.595,0.46,0.155,1.03,0.4275,0.207,0.3305,10
1736,F,0.67,0.52,0.19,1.32,0.5235,0.3095,0.4275,13
1758,M,0.735,0.59,0.215,1.747,0.7275,0.403,0.557,11
3086,I,0.355,0.27,0.075,0.204,0.3045,0.046,0.0595,7
983,F,0.565,0.4,0.13,0.6975,0.3075,0.1665,0.18,8
685,M,0.565,0.44,0.185,0.909,0.344,0.2325,0.255,15
1203,F,0.73,0.575,0.185,1.8795,0.931,0.38,0.4825,12
1172,M,0.63,0.47,0.155,1.1325,0.589,0.211,0.287,8
1739,M,0.675,0.525,0.16,1.2835,0.572,0.2755,0.3545,13
1805,M,0.625,0.495,0.175,1.254,0.5815,0.286,0.3185,9
467,M,0.655,0.53,0.195,1.388,0.567,0.2735,0.41,13
1449,M,0.45,0.335,0.125,0.4475,0.2165,0.126,0.11,6
2836,M,0.58,0.445,0.16,0.984,0.49,0.201,0.27,9
3928,I,0.725,0.55,0.22,2.0495,0.7735,0.4405,0.655,10
3390,M,0.56,0.44,0.16,1.1115,0.5035,0.2785,0.26,10
3705,F,0.67,0.54,0.2,1.46,0.6435,0.328,0.4165,9
1470,I,0.53,0.43,0.13,0.7045,0.346,0.1415,0.189,9
3449,M,0.52,0.395,0.125,0.8115,0.4035,0.166,0.2,7
2966,M,0.67,0.54,0.175,1.482,0.739,0.2925,0.365,10
3359,I,0.58,0.445,0.17,1.178,0.3935,0.2165,0.315,20
3455,M,0.6,0.475,0.155,1.1385,0.502,0.2295,0.31,9
497,F,0.605,0.485,0.165,1.0105,0.435,0.209,0.3,19
781,M,0.505,0.385,0.15,0.6415,0.246,0.152,0.215,12
3417,M,0.58,0.46,0.15,1.0165,0.491,0.221,0.265,9
1705,M,0.64,0.525,0.185,1.707,0.763,0.4205,0.4435,11
2622,F,0.7,0.575,0.205,1.7975,0.7295,0.3935,0.5165,13
2745,I,0.485,0.38,0.125,0.5215,0.2215,0.118,0.16,8
3334,I,0.39,0.3,0.105,0.259,0.0955,0.038,0.085,8
1476,F,0.56,0.435,0.15,0.8715,0.4755,0.1835,0.1835,9
1663,M,0.605,0.475,0.145,0.884,0.3835,0.1905,0.27,8
44,I,0.21,0.15,0.05,0.042,0.0175,0.0125,0.015,4
2924,M,0.605,0.49,0.18,1.167,0.457,0.29,0.3745,9
48,I,0.325,0.245,0.07,0.161,0.0755,0.0255,0.045,6
1717,F,0.65,0.495,0.155,1.337,0.615,0.3195,0.335,9
2952,F,0.645,0.485,0.15,1.151,0.5935,0.2315,0.293,12
3312,F,0.505,0.41,0.15,0.6345,0.243,0.1335,0.215,17
2213,M,0.63,0.51,0.23,1.539,0.5635,0.2815,0.57,17
2079,F,0.62,0.49,0.16,1.056,0.493,0.244,0.2725,9
879,F,0.64,0.51,0.165,1.486,0.7595,0.332,0.321,8
1851,I,0.485,0.37,0.115,0.457,0.1885,0.0965,0.15,9
222,F,0.49,0.375,0.15,0.5755,0.22,0.144,0.19,9
37,F,0.45,0.355,0.105,0.5225,0.237,0.1165,0.145,8
416,F,0.63,0.5,0.17,1.3135,0.5595,0.267,0.4,20
3596,M,0.675,0.515,0.145,1.265,0.6025,0.299,0.325,10
81,M,0.62,0.51,0.175,1.615,0.5105,0.192,0.675,12
3061,M,0.63,0.495,0.18,1.31,0.495,0.295,0.4695,10
2960,F,0.66,0.525,0.18,1.5965,0.7765,0.397,0.3605,10
1342,I,0.585,0.475,0.16,1.0505,0.48,0.234,0.285,10
1744,F,0.685,0.565,0.175,1.638,0.7775,0.375,0.438,11
3372,I,0.44,0.33,0.135,0.522,0.17,0.0905,0.195,16
587,F,0.55,0.41,0.145,0.8285,0.3095,0.1905,0.25,13
2347,M,0.505,0.4,0.13,0.764,0.3035,0.189,0.2175,11
2880,I,0.475,0.375,0.11,0.494,0.211,0.109,0.1545,8
1390,F,0.635,0.5,0.165,1.4595,0.705,0.2645,0.39,9
1186,F,0.685,0.54,0.215,1.7025,0.664,0.3655,0.4735,14
2062,M,0.505,0.385,0.13,0.6435,0.3135,0.149,0.1515,7
3859,F,0.57,0.44,0.19,1.018,0.447,0.207,0.265,9
2505,I,0.34,0.255,0.075,0.18,0.0745,0.04,0.0525,6
1606,I,0.54,0.425,0.13,0.7205,0.2955,0.169,0.225,10
2611,M,0.63,0.48,0.165,1.286,0.604,0.271,0.35,8
103,M,0.53,0.415,0.14,0.724,0.3105,0.1675,0.205,10
2565,I,0.45,0.35,0.12,0.468,0.2005,0.1065,0.1325,8
22,F,0.565,0.44,0.155,0.9395,0.4275,0.214,0.27,12
731,M,0.545,0.42,0.13,0.879,0.374,0.1695,0.23,13
530,I,0.53,0.42,0.185,0.752,0.299,0.156,0.205,20
1189,M,0.69,0.53,0.21,1.583,0.7355,0.405,0.3865,12
2901,I,0.56,0.43,0.13,0.728,0.3355,0.1435,0.2175,8
943,I,0.465,0.345,0.11,0.4415,0.1755,0.0905,0.12,7
4091,M,0.625,0.5,0.18,1.3705,0.645,0.303,0.3705,12
3078,F,0.695,0.535,0.2,1.5855,0.667,0.334,0.471,11
998,F,0.59,0.455,0.145,1.063,0.5155,0.2445,0.25,8
1870,I,0.53,0.43,0.14,0.677,0.298,0.0965,0.23,8
3901,F,0.525,0.43,0.125,0.813,0.3315,0.166,0.1775,12
992,F,0.58,0.46,0.18,1.0515,0.4095,0.2595,0.276,8
3599,M,0.735,0.555,0.22,2.333,1.2395,0.3645,0.6195,12
3396,M,0.605,0.475,0.16,1.616,0.5495,0.332,0.34,18
3488,I,0.52,0.38,0.13,0.5345,0.2375,0.122,0.1535,8
1960,F,0.65,0.51,0.185,1.375,0.531,0.384,0.3985,10
991,F,0.58,0.46,0.15,1.1155,0.5575,0.2255,0.29,7
438,M,0.39,0.3,0.09,0.3055,0.143,0.0645,0.085,9
289,F,0.535,0.435,0.16,0.8105,0.3155,0.1795,0.24,10
4051,M,0.625,0.5,0.175,1.0565,0.4615,0.258,0.305,10
852,M,0.565,0.45,0.155,1.0595,0.4735,0.24,0.265,10
588,M,0.45,0.335,0.14,0.4625,0.164,0.076,0.15,14
1919,I,0.605,0.49,0.165,1.071,0.482,0.1935,0.352,10
177,I,0.315,0.245,0.085,0.1435,0.053,0.0475,0.05,8
1956,M,0.645,0.49,0.175,1.32,0.6525,0.2375,0.3385,11
57,M,0.47,0.385,0.135,0.5895,0.2765,0.12,0.17,8
594,M,0.535,0.42,0.15,0.6995,0.2575,0.153,0.24,12
3215,F,0.62,0.485,0.175,1.271,0.531,0.3075,0.37,11
3152,F,0.47,0.375,0.105,0.513,0.232,0.142,0.13,11
283,M,0.485,0.395,0.14,0.6295,0.2285,0.127,0.225,14
686,F,0.535,0.4,0.15,0.8045,0.3345,0.2125,0.21,13
1371,M,0.615,0.5,0.17,1.054,0.4845,0.228,0.295,10
2178,F,0.595,0.48,0.2,0.975,0.358,0.2035,0.34,15
2195,I,0.26,0.215,0.08,0.099,0.037,0.0255,0.045,5
2904,I,0.575,0.455,0.16,0.9895,0.495,0.195,0.246,9
1275,I,0.48,0.37,0.125,0.5435,0.244,0.101,0.165,9
4078,M,0.55,0.43,0.18,0.8265,0.4405,0.159,0.225,10
1740,F,0.675,0.51,0.195,1.382,0.6045,0.3175,0.3965,10
951,M,0.48,0.36,0.1,0.439,0.194,0.099,0.115,8
510,I,0.68,0.53,0.185,1.1095,0.439,0.245,0.34,10
939,I,0.46,0.36,0.1,0.4635,0.2325,0.093,0.115,7
11,M,0.43,0.35,0.11,0.406,0.1675,0.081,0.135,10
4014,M,0.625,0.48,0.175,1.065,0.4865,0.259,0.285,10
3992,M,0.7,0.6,0.23,2.003,0.8105,0.4045,0.5755,10
3601,I,0.37,0.285,0.095,0.226,0.1135,0.0515,0.0675,8
3006,M,0.7,0.545,0.185,1.6135,0.75,0.4035,0.3685,11
2317,M,0.515,0.42,0.14,0.769,0.2505,0.154,0.29,13
1534,I,0.3,0.23,0.085,0.117,0.05,0.0175,0.0415,6
189,F,0.585,0.46,0.17,0.9325,0.365,0.271,0.29,9
1362,F,0.605,0.47,0.16,1.0835,0.5405,0.2215,0.275,12
3738,F,0.635,0.505,0.17,1.2635,0.512,0.322,0.355,9
617,M,0.32,0.24,0.085,0.17,0.0655,0.047,0.049,7
3137,M,0.465,0.36,0.105,0.488,0.188,0.0845,0.19,10
736,M,0.52,0.385,0.115,0.669,0.2385,0.172,0.205,12
1266,I,0.46,0.35,0.105,0.3705,0.1575,0.077,0.114,9
3038,I,0.565,0.44,0.135,0.768,0.3305,0.1385,0.2475,9
270,F,0.64,0.525,0.215,1.779,0.4535,0.2855,0.55,22
2659,F,0.55,0.44,0.135,0.8435,0.434,0.1995,0.185,8
1935,M,0.62,0.485,0.155,1.0295,0.425,0.2315,0.335,12
1701,F,0.635,0.49,0.175,1.2435,0.5805,0.313,0.305,10
2897,I,0.545,0.43,0.15,0.742,0.3525,0.158,0.208,10
2691,F,0.645,0.52,0.18,1.285,0.5775,0.352,0.317,9
893,I,0.24,0.175,0.055,0.0705,0.025,0.014,0.021,5
2970,M,0.69,0.515,0.18,1.8445,0.9815,0.4655,0.341,13
3511,M,0.655,0.52,0.18,1.492,0.7185,0.36,0.355,11
1988,I,0.21,0.15,0.055,0.0465,0.017,0.012,0.015,5
1827,I,0.34,0.26,0.085,0.1885,0.0815,0.0335,0.06,6
139,M,0.375,0.285,0.095,0.253,0.096,0.0575,0.0925,9
3465,F,0.64,0.48,0.195,1.1435,0.4915,0.2345,0.353,9
1240,I,0.38,0.275,0.11,0.256,0.11,0.0535,0.0755,6
1505,M,0.635,0.51,0.185,1.308,0.544,0.318,0.377,8
953,F,0.485,0.37,0.115,0.4785,0.1995,0.0955,0.129,7
3232,M,0.485,0.41,0.15,0.696,0.2405,0.1625,0.265,13
202,F,0.5,0.4,0.145,0.63,0.234,0.1465,0.23,12
3014,I,0.395,0.3,0.09,0.253,0.1155,0.05,0.075,6
2357,M,0.585,0.455,0.125,1.027,0.391,0.212,0.25,17
3480,I,0.45,0.34,0.105,0.4385,0.21,0.0925,0.12,8
411,M,0.585,0.475,0.12,0.945,0.41,0.2115,0.28,14
1088,I,0.45,0.34,0.12,0.4925,0.241,0.1075,0.12,6
3368,I,0.61,0.48,0.165,1.097,0.4215,0.264,0.335,13
2835,M,0.57,0.42,0.14,0.8745,0.416,0.165,0.25,8
3342,M,0.43,0.33,0.095,0.34,0.1315,0.085,0.112,14
3093,F,0.52,0.43,0.15,0.728,0.302,0.1575,0.235,11
2398,I,0.5,0.385,0.155,0.762,0.3795,0.161,0.19,14
455,M,0.575,0.47,0.14,0.8375,0.3485,0.1735,0.24,11
3941,F,0.54,0.44,0.16,1.0905,0.391,0.2295,0.355,15
1478,M,0.575,0.465,0.15,1.08,0.595,0.2065,0.238,9
320,I,0.265,0.21,0.06,0.0965,0.0425,0.022,0.03,5
4137,M,0.63,0.505,0.155,1.105,0.492,0.226,0.325,11
1634,F,0.575,0.47,0.155,1.116,0.509,0.238,0.34,10
2164,M,0.375,0.305,0.09,0.3245,0.1395,0.0565,0.095,5
3503,F,0.615,0.49,0.19,1.1345,0.4695,0.257,0.348,11
204,M,0.42,0.335,0.115,0.369,0.171,0.071,0.12,8
3970,I,0.385,0.285,0.09,0.248,0.0935,0.066,0.07,6
3944,M,0.55,0.44,0.16,0.991,0.348,0.168,0.375,20
2343,I,0.17,0.125,0.055,0.0235,0.009,0.0055,0.008,6
1429,I,0.14,0.105,0.035,0.014,0.0055,0.0025,0.004,3
976,M,0.53,0.405,0.125,0.6515,0.2715,0.1605,0.186,7
4114,F,0.57,0.45,0.15,0.9645,0.531,0.189,0.209,9
3886,F,0.46,0.375,0.12,0.4915,0.2205,0.088,0.17,7
2826,M,0.5,0.365,0.13,0.5945,0.309,0.1085,0.1535,9
2294,M,0.525,0.425,0.12,0.702,0.3335,0.1465,0.22,12
2870,I,0.37,0.27,0.09,0.1855,0.07,0.0425,0.065,7
1072,I,0.4,0.32,0.095,0.348,0.194,0.053,0.087,6
3225,I,0.44,0.35,0.12,0.375,0.1425,0.0965,0.115,9
2225,M,0.59,0.475,0.155,0.857,0.356,0.174,0.28,13
585,I,0.495,0.39,0.125,0.6655,0.284,0.162,0.2,11
2285,I,0.42,0.33,0.1,0.352,0.1635,0.089,0.1,9
474,F,0.545,0.415,0.16,0.7715,0.272,0.1455,0.2765,10
2716,I,0.34,0.245,0.085,0.2015,0.1005,0.038,0.053,6
688,M,0.525,0.4,0.17,0.7305,0.279,0.2055,0.195,11
83,M,0.595,0.475,0.16,1.3175,0.408,0.234,0.58,21
1229,I,0.365,0.27,0.085,0.1875,0.081,0.042,0.058,6
3593,F,0.655,0.53,0.165,1.2835,0.583,0.1255,0.4,8
3634,I,0.36,0.265,0.085,0.1895,0.0725,0.0515,0.055,6
2479,F,0.5,0.44,0.155,0.742,0.2025,0.2005,0.2115,14
3809,F,0.52,0.375,0.135,0.5375,0.221,0.117,0.17,8
3609,F,0.555,0.405,0.12,0.913,0.4585,0.196,0.2065,9
1499,M,0.63,0.47,0.145,1.1005,0.52,0.26,0.276,9
3416,M,0.56,0.45,0.14,0.9,0.472,0.182,0.218,7
2129,M,0.595,0.47,0.15,0.8915,0.359,0.2105,0.245,12
563,F,0.545,0.415,0.15,0.7335,0.2795,0.163,0.2185,11
2625,M,0.77,0.6,0.215,2.1945,1.0515,0.482,0.584,10
71,F,0.4,0.32,0.11,0.353,0.1405,0.0985,0.1,8
3145,M,0.55,0.42,0.17,0.8465,0.336,0.2405,0.245,13
534,I,0.47,0.37,0.14,0.4985,0.2095,0.1225,0.145,10
2968,F,0.68,0.505,0.17,1.3435,0.657,0.297,0.355,12
90,M,0.565,0.425,0.135,0.8115,0.341,0.1675,0.255,15
2002,I,0.36,0.27,0.085,0.196,0.0905,0.034,0.053,7
1966,F,0.665,0.5,0.15,1.2475,0.4625,0.2955,0.3595,10
1318,I,0.555,0.43,0.14,0.7665,0.341,0.165,0.23,9
3365,I,0.44,0.31,0.115,0.3625,0.134,0.082,0.12,11
321,I,0.19,0.145,0.04,0.038,0.0165,0.0065,0.015,4
3959,F,0.68,0.55,0.19,1.807,0.8225,0.3655,0.515,11
2033,M,0.61,0.49,0.16,1.112,0.465,0.228,0.341,10
660,I,0.65,0.525,0.18,1.626,0.597,0.3445,0.53,18
994,F,0.58,0.45,0.145,1.137,0.5585,0.22,0.29,8
3044,I,0.575,0.445,0.16,0.9175,0.45,0.1935,0.24,9
3439,I,0.44,0.35,0.125,0.456,0.21,0.0955,0.131,8
3487,I,0.51,0.405,0.13,0.599,0.3065,0.1155,0.1485,8
1053,I,0.185,0.13,0.045,0.029,0.012,0.0075,0.0095,4
3464,M,0.635,0.495,0.155,1.3635,0.583,0.2985,0.295,10
2348,M,0.525,0.43,0.165,0.8645,0.376,0.1945,0.2515,16
3696,M,0.65,0.525,0.205,1.4275,0.69,0.306,0.4355,13
2543,F,0.7,0.525,0.19,1.6015,0.707,0.365,0.43,10
3261,F,0.645,0.52,0.19,1.3105,0.58,0.288,0.37,12
114,F,0.545,0.41,0.125,0.6935,0.2975,0.146,0.21,11
3426,M,0.71,0.55,0.2,1.9045,0.882,0.44,0.5,13
3879,F,0.61,0.49,0.17,1.1775,0.5655,0.2385,0.295,15
3326,I,0.55,0.415,0.135,0.8095,0.2985,0.2015,0.28,12
2798,M,0.64,0.485,0.15,1.098,0.5195,0.222,0.3175,10
2794,F,0.63,0.475,0.155,1.0005,0.452,0.252,0.265,10
3679,M,0.61,0.45,0.19,1.0805,0.517,0.2495,0.2935,10
66,F,0.565,0.44,0.16,0.915,0.354,0.1935,0.32,12
1813,F,0.655,0.52,0.2,1.5475,0.713,0.314,0.466,9
1566,I,0.465,0.37,0.12,0.4365,0.188,0.0815,0.147,9
3236,I,0.345,0.285,0.1,0.2225,0.0865,0.058,0.075,8
2087,M,0.72,0.585,0.22,1.914,0.9155,0.448,0.479,11
3376,I,0.31,0.235,0.09,0.127,0.048,0.031,0.04,6
4163,I,0.39,0.31,0.085,0.344,0.181,0.0695,0.079,7
1450,I,0.455,0.335,0.135,0.501,0.274,0.0995,0.1065,7
1997,I,0.335,0.25,0.08,0.1695,0.0695,0.044,0.0495,6
3792,F,0.655,0.52,0.175,1.472,0.6275,0.27,0.45,13
512,F,0.49,0.38,0.145,0.6725,0.249,0.181,0.21,10
829,I,0.415,0.32,0.11,0.3735,0.175,0.0755,0.109,7
1595,M,0.525,0.4,0.155,0.707,0.282,0.1605,0.225,9
666,M,0.455,0.35,0.12,0.4835,0.1815,0.144,0.16,11
2613,F,0.635,0.495,0.195,1.297,0.556,0.2985,0.37,11
1076,I,0.42,0.3,0.105,0.316,0.1255,0.07,0.1035,7
3259,M,0.64,0.505,0.165,1.4435,0.6145,0.3035,0.39,18
4133,M,0.585,0.45,0.15,0.997,0.4055,0.283,0.251,11
3765,I,0.535,0.45,0.135,0.728,0.2845,0.1845,0.265,9
391,M,0.475,0.375,0.125,0.593,0.277,0.115,0.18,10
533,F,0.435,0.335,0.11,0.38,0.1695,0.086,0.11,9
1766,F,0.375,0.27,0.135,0.597,0.272,0.131,0.1675,7
3139,I,0.335,0.26,0.09,0.1835,0.078,0.024,0.065,11
2421,I,0.52,0.415,0.16,0.595,0.2105,0.142,0.26,15
3003,F,0.655,0.505,0.175,1.2905,0.6205,0.2965,0.326,10
2374,I,0.435,0.335,0.11,0.383,0.1555,0.0675,0.135,12
2741,I,0.46,0.35,0.1,0.471,0.252,0.077,0.123,8
896,I,0.255,0.18,0.055,0.083,0.031,0.0215,0.02,4
639,F,0.51,0.4,0.13,0.5735,0.219,0.1365,0.195,13
3098,F,0.55,0.43,0.15,0.655,0.2635,0.122,0.221,8
2487,F,0.63,0.51,0.185,1.235,0.5115,0.349,0.3065,11
12,M,0.49,0.38,0.135,0.5415,0.2175,0.095,0.19,11
2013,M,0.47,0.365,0.135,0.522,0.2395,0.1525,0.145,10
1462,F,0.495,0.38,0.12,0.573,0.2655,0.1285,0.144,7
2872,I,0.4,0.315,0.09,0.3245,0.151,0.073,0.088,8
3624,F,0.665,0.5,0.175,1.4355,0.643,0.345,0.37,9
1883,M,0.555,0.41,0.125,0.599,0.2345,0.1465,0.194,8
4159,F,0.56,0.44,0.135,0.8025,0.35,0.1615,0.259,9
2767,I,0.56,0.44,0.14,0.825,0.402,0.139,0.245,10
1738,F,0.67,0.54,0.195,1.619,0.74,0.3305,0.465,11
1544,I,0.37,0.27,0.095,0.2175,0.097,0.046,0.065,6
4076,I,0.545,0.43,0.14,0.772,0.289,0.19,0.2615,8
1133,M,0.57,0.46,0.15,1.0375,0.5415,0.2035,0.25,9
1878,I,0.545,0.425,0.14,0.8145,0.305,0.231,0.244,10
1073,I,0.405,0.3,0.11,0.32,0.172,0.044,0.093,7
505,M,0.6,0.47,0.175,1.105,0.4865,0.247,0.315,15
2249,F,0.585,0.455,0.165,0.998,0.345,0.2495,0.315,12
348,I,0.375,0.305,0.115,0.2715,0.092,0.074,0.09,8
3087,I,0.425,0.31,0.095,0.3075,0.139,0.0745,0.093,7
3004,F,0.67,0.515,0.17,1.4265,0.6605,0.3395,0.37,11
1264,I,0.455,0.33,0.1,0.372,0.358,0.0775,0.11,8
3640,I,0.445,0.345,0.12,0.4035,0.169,0.0825,0.13,7
2466,M,0.425,0.325,0.12,0.3755,0.142,0.1065,0.105,9
2134,F,0.44,0.33,0.115,0.4005,0.143,0.113,0.12,8
3741,F,0.67,0.525,0.195,1.37,0.6065,0.2955,0.407,12
2780,M,0.59,0.475,0.14,0.977,0.4625,0.2025,0.275,10
514,F,0.275,0.195,0.07,0.08,0.031,0.0215,0.025,5
3684,I,0.62,0.47,0.155,0.966,0.447,0.171,0.284,11
2720,I,0.37,0.275,0.09,0.2065,0.096,0.0395,0.058,7
2915,I,0.59,0.475,0.145,0.9745,0.4675,0.207,0.259,10
1024,F,0.645,0.5,0.155,1.2205,0.6145,0.236,0.3185,10
661,I,0.535,0.45,0.17,0.781,0.3055,0.1555,0.295,11
490,M,0.59,0.455,0.145,1.073,0.475,0.19,0.285,14
3902,I,0.16,0.12,0.02,0.018,0.0075,0.0045,0.005,4
1963,M,0.655,0.52,0.17,1.1445,0.53,0.223,0.348,9
2335,M,0.61,0.49,0.15,1.103,0.425,0.2025,0.36,23
1285,I,0.5,0.375,0.125,0.5695,0.259,0.124,0.157,7
1086,I,0.445,0.335,0.11,0.411,0.1985,0.0935,0.109,8
1940,F,0.625,0.52,0.18,1.354,0.4845,0.351,0.375,11
3636,I,0.39,0.29,0.09,0.2745,0.135,0.0455,0.078,8
929,I,0.44,0.345,0.13,0.4495,0.209,0.0835,0.134,6
2751,F,0.515,0.395,0.135,0.516,0.2015,0.132,0.162,9
2109,M,0.62,0.49,0.17,1.2105,0.5185,0.2555,0.335,13
1491,F,0.605,0.515,0.17,1.289,0.6,0.2945,0.3315,9
1674,M,0.61,0.47,0.17,1.1185,0.5225,0.2405,0.31,9
447,M,0.565,0.455,0.185,0.9265,0.354,0.1575,0.375,16
698,F,0.43,0.335,0.12,0.444,0.155,0.1145,0.14,13
1837,I,0.415,0.31,0.1,0.2805,0.114,0.0565,0.0975,6
2039,I,0.285,0.215,0.07,0.1075,0.051,0.0225,0.027,6
868,F,0.615,0.52,0.15,1.3435,0.629,0.2605,0.345,10
2985,I,0.535,0.4,0.135,0.775,0.368,0.208,0.2055,8
1183,M,0.665,0.525,0.16,1.363,0.629,0.279,0.34,8
867,F,0.615,0.5,0.175,1.377,0.5585,0.33,0.292,12
3834,M,0.335,0.26,0.075,0.22,0.0855,0.04,0.085,6
3953,I,0.465,0.355,0.12,0.5805,0.255,0.0915,0.184,8
3028,I,0.515,0.385,0.125,0.572,0.237,0.1435,0.165,7
3363,I,0.54,0.405,0.15,0.7585,0.307,0.2075,0.19,10
4144,M,0.67,0.535,0.19,1.669,0.7465,0.2935,0.508,11
2332,F,0.515,0.42,0.135,0.6295,0.2815,0.127,0.215,9
1091,I,0.45,0.33,0.11,0.3685,0.16,0.0885,0.102,6
2932,M,0.615,0.455,0.15,0.9335,0.382,0.247,0.2615,10
1370,M,0.615,0.47,0.165,1.128,0.4465,0.2195,0.34,10
191,M,0.61,0.485,0.17,1.0225,0.419,0.2405,0.36,12
2405,I,0.655,0.515,0.145,1.25,0.5265,0.283,0.315,15
3972,M,0.415,0.315,0.12,0.4015,0.199,0.087,0.097,8
3064,M,0.635,0.5,0.18,1.154,0.4405,0.2315,0.387,9
1537,I,0.35,0.26,0.075,0.18,0.09,0.0245,0.055,5
3585,M,0.625,0.485,0.16,1.2135,0.631,0.2235,0.302,9
2319,F,0.505,0.395,0.145,0.6515,0.2695,0.153,0.205,15
3221,M,0.385,0.305,0.09,0.2775,0.109,0.0515,0.1,9
4005,F,0.555,0.43,0.14,0.7545,0.3525,0.1835,0.2015,9
883,M,0.66,0.53,0.17,1.3905,0.5905,0.212,0.453,15
1380,M,0.625,0.455,0.17,1.082,0.4955,0.2345,0.315,9
4033,I,0.495,0.385,0.125,0.5125,0.2075,0.1155,0.172,10
3286,F,0.62,0.51,0.175,1.1255,0.4985,0.227,0.315,14
3505,M,0.625,0.495,0.18,1.0815,0.4715,0.254,0.3135,10
3753,I,0.475,0.36,0.11,0.452,0.191,0.099,0.13,8
1962,F,0.655,0.525,0.175,1.348,0.5855,0.2605,0.394,10
3056,M,0.615,0.485,0.215,0.9615,0.422,0.176,0.29,11
1239,I,0.375,0.27,0.085,0.218,0.0945,0.039,0.07,7
820,I,0.365,0.275,0.135,0.24,0.108,0.0445,0.0735,7
3526,I,0.335,0.26,0.085,0.192,0.097,0.03,0.054,6
2513,F,0.465,0.35,0.135,0.6265,0.259,0.1445,0.175,8
1625,M,0.565,0.43,0.15,0.831,0.4245,0.1735,0.219,10
875,M,0.63,0.505,0.165,1.26,0.4525,0.2755,0.406,14
315,I,0.45,0.355,0.11,0.4585,0.194,0.067,0.14,8
3686,F,0.625,0.485,0.135,1.3025,0.61,0.2675,0.3605,14
1313,M,0.55,0.43,0.15,0.8745,0.413,0.1905,0.248,9
728,M,0.505,0.4,0.125,0.77,0.2735,0.159,0.255,13
2091,F,0.505,0.39,0.115,0.66,0.3045,0.1555,0.175,8
1898,F,0.57,0.44,0.12,0.803,0.382,0.1525,0.234,9
4136,F,0.615,0.495,0.155,1.0805,0.52,0.19,0.32,9
608,M,0.37,0.285,0.1,0.228,0.0675,0.0675,0.081,10
1107,I,0.51,0.38,0.115,0.5155,0.215,0.1135,0.166,8
403,F,0.515,0.415,0.14,0.6935,0.3115,0.152,0.2,10
2815,I,0.32,0.235,0.09,0.183,0.098,0.0335,0.042,7
1004,F,0.605,0.49,0.15,1.1345,0.5265,0.2645,0.295,9
3158,M,0.55,0.435,0.11,0.806,0.3415,0.203,0.215,9
3214,F,0.57,0.495,0.16,1.0915,0.452,0.275,0.315,14
2623,F,0.705,0.56,0.205,2.381,0.9915,0.5005,0.624,10
2877,I,0.46,0.36,0.14,0.447,0.161,0.087,0.16,9
642,F,0.59,0.45,0.16,0.9,0.358,0.156,0.315,19
2913,M,0.59,0.5,0.15,1.142,0.485,0.265,0.345,9
3238,M,0.695,0.53,0.15,1.477,0.6375,0.3025,0.43,14
2730,I,0.405,0.3,0.09,0.2885,0.138,0.0635,0.0765,6
3608,M,0.545,0.43,0.155,0.8035,0.409,0.144,0.228,7
1359,M,0.605,0.49,0.14,0.9755,0.419,0.206,0.315,10
1853,I,0.495,0.38,0.145,0.5,0.205,0.148,0.1505,8
3484,I,0.475,0.42,0.16,0.7095,0.35,0.1505,0.1845,8
2478,F,0.47,0.355,0.18,0.441,0.1525,0.1165,0.135,8
3097,M,0.545,0.435,0.145,0.9385,0.3685,0.1245,0.345,11
2740,I,0.455,0.34,0.115,0.486,0.261,0.0655,0.1315,8
624,I,0.465,0.36,0.105,0.498,0.214,0.116,0.14,15
1933,M,0.62,0.495,0.195,1.5145,0.579,0.346,0.5195,15
2380,M,0.175,0.135,0.04,0.0305,0.011,0.0075,0.01,5
897,I,0.265,0.195,0.06,0.092,0.0345,0.025,0.0245,6
3163,F,0.55,0.44,0.125,0.765,0.33,0.2125,0.245,9
2899,I,0.55,0.425,0.13,0.664,0.2695,0.163,0.21,8
2732,I,0.41,0.325,0.11,0.326,0.1325,0.075,0.101,8
351,F,0.585,0.45,0.17,0.8685,0.3325,0.1635,0.27,22
104,M,0.605,0.47,0.16,1.1735,0.4975,0.2405,0.345,12
837,I,0.475,0.365,0.125,0.5465,0.229,0.1185,0.172,9
2509,I,0.415,0.315,0.09,0.3625,0.175,0.0835,0.093,6
3534,I,0.4,0.315,0.09,0.33,0.151,0.068,0.08,6
1154,M,0.6,0.455,0.17,1.1915,0.696,0.2395,0.24,8
2283,I,0.435,0.345,0.12,0.4475,0.221,0.112,0.125,7
2333,M,0.695,0.55,0.22,1.5515,0.566,0.3835,0.445,13
3940,M,0.505,0.39,0.105,0.6555,0.2595,0.18,0.19,11
1552,I,0.39,0.285,0.1,0.281,0.1275,0.062,0.077,7
4164,I,0.39,0.29,0.1,0.2845,0.1255,0.0635,0.081,7
653,M,0.31,0.225,0.08,0.1345,0.054,0.024,0.05,7
930,I,0.44,0.325,0.09,0.35,0.148,0.067,0.105,7
3220,M,0.5,0.4,0.145,0.6025,0.216,0.138,0.21,11
2663,M,0.57,0.45,0.135,1.02,0.546,0.204,0.25,9
4069,I,0.455,0.335,0.105,0.4055,0.175,0.092,0.1185,8
3477,I,0.4,0.3,0.11,0.2985,0.1375,0.071,0.075,6
311,M,0.56,0.44,0.14,0.971,0.443,0.2045,0.265,14
580,F,0.625,0.49,0.175,1.233,0.5565,0.247,0.365,11
2824,I,0.46,0.365,0.115,0.511,0.2365,0.118,0.123,7
197,M,0.64,0.5,0.185,1.3035,0.4445,0.2635,0.465,16
663,F,0.38,0.305,0.105,0.281,0.1045,0.0615,0.09,12
616,F,0.47,0.355,0.14,0.433,0.1525,0.095,0.152,12
3674,F,0.595,0.45,0.165,1.081,0.49,0.2525,0.279,12
4003,I,0.51,0.39,0.125,0.597,0.293,0.1265,0.1555,8
2636,I,0.44,0.34,0.1,0.407,0.209,0.0735,0.103,7
3692,M,0.65,0.52,0.17,1.3655,0.6155,0.2885,0.36,11
1042,F,0.675,0.565,0.195,1.8375,0.7645,0.3615,0.553,12
996,M,0.59,0.465,0.155,1.136,0.5245,0.2615,0.275,11
1687,F,0.62,0.48,0.175,1.0405,0.464,0.2225,0.3,9
1355,F,0.6,0.465,0.155,1.04,0.4755,0.25,0.28,11
2403,M,0.29,0.225,0.08,0.1295,0.0535,0.026,0.045,10
3742,F,0.695,0.525,0.205,1.8185,0.819,0.4025,0.4525,13
109,F,0.435,0.395,0.105,0.3635,0.136,0.098,0.13,9
2344,M,0.67,0.55,0.17,1.247,0.472,0.2455,0.4,21
1401,M,0.65,0.525,0.175,1.5365,0.6865,0.3585,0.405,11
3462,F,0.625,0.47,0.17,1.255,0.525,0.2415,0.405,10
2145,F,0.415,0.325,0.115,0.3455,0.1405,0.0765,0.11,9
2094,I,0.405,0.305,0.09,0.2825,0.114,0.0575,0.095,7
2005,I,0.395,0.29,0.095,0.3,0.158,0.068,0.078,7
3094,M,0.525,0.4,0.13,0.622,0.2655,0.147,0.184,9
2341,I,0.31,0.24,0.09,0.1455,0.0605,0.0315,0.045,7
669,F,0.45,0.35,0.145,0.5425,0.1765,0.123,0.175,13
1912,I,0.58,0.44,0.145,0.7905,0.3525,0.1645,0.242,10
3923,M,0.395,0.28,0.08,0.266,0.0995,0.066,0.09,12
3709,M,0.685,0.55,0.19,1.885,0.89,0.41,0.4895,10
2957,F,0.655,0.5,0.205,1.528,0.6215,0.3725,0.4535,11
548,F,0.565,0.45,0.16,0.795,0.3605,0.1555,0.23,12
4109,M,0.48,0.365,0.13,0.5305,0.2405,0.127,0.139,8
520,M,0.21,0.15,0.05,0.0385,0.0155,0.0085,0.01,3
2192,F,0.575,0.485,0.165,1.0405,0.419,0.264,0.3,14
3242,M,0.635,0.48,0.19,1.467,0.5825,0.303,0.42,15
3556,I,0.535,0.41,0.13,0.6075,0.268,0.1225,0.1975,9
739,M,0.445,0.345,0.09,0.3795,0.143,0.074,0.125,10
4054,F,0.635,0.5,0.18,1.2565,0.539,0.292,0.35,10
1393,M,0.635,0.51,0.155,0.986,0.405,0.2255,0.31,10
3088,I,0.425,0.32,0.085,0.262,0.1235,0.067,0.0725,8
1742,F,0.68,0.51,0.2,1.6075,0.714,0.339,0.4705,11
342,M,0.62,0.465,0.185,1.274,0.579,0.3065,0.32,12
2072,M,0.58,0.45,0.12,0.8685,0.418,0.1475,0.2605,8
2287,F,0.385,0.305,0.105,0.3315,0.1365,0.0745,0.1,7
2222,F,0.625,0.525,0.195,1.352,0.4505,0.2445,0.53,13
54,M,0.405,0.31,0.1,0.385,0.173,0.0915,0.11,7
2910,M,0.58,0.445,0.15,0.9525,0.4315,0.1945,0.287,11
1795,F,0.58,0.43,0.17,1.48,0.6535,0.324,0.4155,10
3033,M,0.535,0.41,0.12,0.6835,0.3125,0.1655,0.159,8
2193,I,0.215,0.17,0.055,0.0605,0.0205,0.014,0.02,6
928,I,0.435,0.34,0.115,0.3925,0.1825,0.078,0.1145,6
3584,M,0.625,0.49,0.165,1.1835,0.517,0.2375,0.39,11
3382,M,0.495,0.4,0.12,0.6605,0.2605,0.161,0.19,15
881,M,0.655,0.52,0.165,1.4095,0.586,0.291,0.405,9
3436,I,0.38,0.275,0.095,0.2505,0.0945,0.0655,0.075,6
3768,M,0.56,0.465,0.145,0.8875,0.3345,0.22,0.2695,9
1941,F,0.625,0.47,0.145,0.984,0.475,0.2,0.265,11
3100,M,0.58,0.43,0.125,0.9115,0.446,0.2075,0.121,10
1798,M,0.6,0.495,0.175,1.3005,0.6195,0.284,0.3285,11
3369,I,0.61,0.46,0.17,1.278,0.41,0.257,0.37,17
2774,F,0.58,0.425,0.15,0.844,0.3645,0.185,0.2705,9
3991,M,0.685,0.51,0.18,1.4545,0.6315,0.3105,0.3725,9
2996,F,0.62,0.5,0.17,1.148,0.5475,0.22,0.3315,10
2174,F,0.645,0.5,0.17,1.1845,0.4805,0.274,0.355,13
180,M,0.57,0.48,0.18,0.9395,0.399,0.2,0.295,14
3557,I,0.54,0.41,0.135,0.7025,0.31,0.177,0.2,8
2488,M,0.5,0.385,0.145,0.7615,0.246,0.195,0.204,14
2518,M,0.5,0.4,0.13,0.7715,0.37,0.16,0.211,8
4172,F,0.565,0.45,0.165,0.887,0.37,0.239,0.249,11
4127,I,0.55,0.445,0.11,0.7935,0.378,0.142,0.26,10
4176,M,0.71,0.555,0.195,1.9485,0.9455,0.3765,0.495,12
2814,I,0.275,0.2,0.055,0.0925,0.038,0.021,0.026,4
294,M,0.6,0.495,0.195,1.0575,0.384,0.19,0.375,26
550,I,0.65,0.515,0.16,1.1625,0.495,0.203,0.33,17
2254,M,0.65,0.495,0.18,1.793,0.8005,0.339,0.53,14
1532,I,0.285,0.21,0.055,0.101,0.0415,0.017,0.0335,5
2214,F,0.43,0.325,0.12,0.445,0.165,0.0995,0.155,8
3336,F,0.45,0.35,0.125,0.4435,0.185,0.09,0.145,11
1431,I,0.365,0.265,0.135,0.2215,0.105,0.047,0.0605,7
2731,I,0.41,0.315,0.1,0.3,0.124,0.0575,0.1,8
1859,I,0.515,0.415,0.135,0.7125,0.285,0.152,0.245,10
507,M,0.585,0.455,0.225,1.055,0.3815,0.221,0.365,15
1803,F,0.615,0.455,0.145,1.1155,0.5045,0.238,0.315,10
2583,F,0.53,0.405,0.15,0.889,0.4055,0.2275,0.215,8
3893,I,0.435,0.355,0.125,0.4075,0.1535,0.074,0.165,9
1664,I,0.605,0.47,0.145,0.8025,0.379,0.2265,0.22,9
272,M,0.62,0.485,0.205,1.219,0.3875,0.2505,0.385,14
2917,M,0.595,0.46,0.17,1.1295,0.57,0.2555,0.265,10
458,I,0.415,0.31,0.11,0.2965,0.123,0.057,0.0995,10
43,I,0.205,0.15,0.055,0.042,0.0255,0.015,0.012,5
1541,I,0.36,0.275,0.075,0.2205,0.0985,0.044,0.066,7
3663,I,0.55,0.4,0.135,0.717,0.3315,0.1495,0.221,9
4132,I,0.585,0.47,0.17,0.985,0.3695,0.2395,0.315,10
440,I,0.36,0.275,0.11,0.2335,0.095,0.0525,0.085,10
1992,I,0.29,0.21,0.07,0.1115,0.048,0.0205,0.03,5
1983,F,0.725,0.57,0.205,1.6195,0.744,0.315,0.488,11
3332,I,0.44,0.34,0.125,0.4895,0.1735,0.0875,0.2,13
2467,M,0.51,0.415,0.14,0.8185,0.3025,0.2155,0.235,16
1439,I,0.405,0.31,0.095,0.3425,0.1785,0.064,0.0855,8
1708,M,0.645,0.5,0.19,1.5595,0.741,0.3715,0.3845,14
1986,I,0.135,0.13,0.04,0.029,0.0125,0.0065,0.008,4
892,I,0.205,0.14,0.05,0.046,0.0165,0.012,0.0135,6
662,F,0.415,0.34,0.13,0.3675,0.146,0.0885,0.12,10
799,F,0.425,0.345,0.11,0.3665,0.125,0.081,0.117,11
1818,F,0.695,0.55,0.185,1.679,0.805,0.4015,0.3965,10
3042,I,0.575,0.43,0.13,0.7425,0.2895,0.2005,0.22,8
1526,M,0.705,0.56,0.165,1.675,0.797,0.4095,0.388,10
1757,F,0.73,0.56,0.19,1.9425,0.799,0.5195,0.5655,11
1930,M,0.62,0.49,0.16,1.035,0.44,0.2525,0.285,11
137,M,0.345,0.255,0.09,0.2005,0.094,0.0295,0.063,9
2749,I,0.505,0.38,0.135,0.5385,0.2645,0.095,0.165,9
1989,I,0.28,0.21,0.075,0.1195,0.053,0.0265,0.03,6
637,M,0.355,0.26,0.085,0.1905,0.081,0.0485,0.055,6
720,I,0.16,0.11,0.025,0.018,0.0065,0.0055,0.005,3
1601,I,0.54,0.43,0.17,0.836,0.3725,0.1815,0.24,9
1892,M,0.565,0.45,0.16,0.895,0.415,0.195,0.246,9
3881,F,0.565,0.455,0.13,1.058,0.439,0.2645,0.3,10
194,F,0.51,0.4,0.14,0.8145,0.459,0.1965,0.195,10
3037,M,0.56,0.45,0.145,0.894,0.3885,0.2095,0.264,9
2427,M,0.26,0.19,0.075,0.0945,0.0445,0.02,0.03,6
1699,I,0.635,0.5,0.165,1.489,0.715,0.3445,0.3615,13
94,M,0.695,0.56,0.19,1.494,0.588,0.3425,0.485,15
3521,I,0.215,0.15,0.055,0.041,0.015,0.009,0.0125,3
1373,M,0.615,0.475,0.17,1.129,0.4795,0.302,0.3,10
1877,I,0.54,0.39,0.125,0.6255,0.2525,0.158,0.19,8
4037,I,0.54,0.415,0.155,0.702,0.322,0.167,0.19,10
521,F,0.36,0.27,0.09,0.1885,0.0845,0.0385,0.055,5
2358,F,0.61,0.485,0.21,1.3445,0.535,0.2205,0.515,20
2008,I,0.425,0.315,0.095,0.3675,0.1865,0.0675,0.0985,7
2388,I,0.515,0.375,0.14,0.6505,0.2495,0.141,0.2215,10
3497,F,0.585,0.45,0.145,0.9835,0.4845,0.242,0.22,9
3011,I,0.375,0.285,0.09,0.237,0.106,0.0395,0.08,8
948,F,0.475,0.36,0.12,0.5915,0.3245,0.11,0.127,6
1752,M,0.71,0.56,0.22,2.015,0.9215,0.454,0.566,11
108,F,0.51,0.39,0.135,0.6335,0.231,0.179,0.2,9
2891,I,0.53,0.38,0.125,0.616,0.292,0.113,0.185,8
2860,F,0.72,0.55,0.18,1.52,0.637,0.325,0.435,10
2104,F,0.49,0.385,0.125,0.5395,0.2175,0.128,0.165,11
1087,I,0.45,0.365,0.125,0.462,0.2135,0.0985,0.1315,8
1917,M,0.6,0.475,0.15,0.99,0.386,0.2195,0.3105,10
3872,F,0.515,0.4,0.115,0.578,0.191,0.1445,0.17,9
834,I,0.445,0.325,0.1,0.378,0.1795,0.1,0.089,7
3698,F,0.65,0.51,0.175,1.35,0.575,0.3155,0.3885,10
2927,F,0.61,0.47,0.195,1.2735,0.469,0.3315,0.398,12
2101,M,0.5,0.38,0.155,0.66,0.2655,0.1365,0.215,19
1973,M,0.68,0.54,0.155,1.534,0.671,0.379,0.384,10
2123,F,0.29,0.21,0.075,0.275,0.113,0.0675,0.035,6
241,I,0.27,0.2,0.07,0.1,0.034,0.0245,0.035,5
1955,F,0.645,0.51,0.18,1.6195,0.7815,0.322,0.4675,12
2553,I,0.315,0.235,0.07,0.149,0.058,0.0325,0.047,7
3001,M,0.64,0.495,0.165,1.307,0.678,0.292,0.266,11
806,I,0.28,0.205,0.07,0.1015,0.041,0.03,0.03,6
1540,I,0.36,0.27,0.095,0.2,0.073,0.056,0.061,8
1519,M,0.67,0.51,0.175,1.5265,0.651,0.4475,0.345,10
2527,M,0.595,0.49,0.185,1.185,0.482,0.2015,0.361,10
3164,F,0.64,0.475,0.19,1.151,0.4365,0.281,0.3805,13
1274,I,0.475,0.36,0.11,0.492,0.211,0.11,0.15,8
1523,M,0.69,0.525,0.2,1.7825,0.9165,0.3325,0.461,12
2855,F,0.655,0.515,0.155,1.309,0.524,0.346,0.385,11
1185,F,0.67,0.505,0.205,1.3645,0.6075,0.3025,0.353,9
15,M,0.5,0.4,0.13,0.6645,0.258,0.133,0.24,12
2734,I,0.42,0.325,0.115,0.314,0.1295,0.0635,0.1,8
2907,M,0.58,0.46,0.15,1.049,0.5205,0.1935,0.305,10
2428,F,0.53,0.385,0.125,0.6695,0.289,0.151,0.18,10
3895,F,0.595,0.5,0.18,1.053,0.4405,0.192,0.39,13
3298,F,0.62,0.5,0.175,1.146,0.477,0.23,0.39,13
308,M,0.55,0.41,0.125,0.7605,0.2505,0.1635,0.195,14
1908,M,0.575,0.475,0.145,0.857,0.3665,0.173,0.269,9
668,M,0.55,0.425,0.155,0.9175,0.2775,0.243,0.335,13
2722,I,0.375,0.275,0.095,0.2295,0.095,0.0545,0.066,7
3456,F,0.61,0.48,0.16,1.234,0.598,0.238,0.315,12
1659,F,0.6,0.48,0.18,1.0645,0.4495,0.2455,0.325,10
3347,M,0.415,0.32,0.1,0.3005,0.1215,0.0575,0.104,11
2789,F,0.62,0.465,0.14,1.1605,0.6005,0.2195,0.307,9
3300,F,0.615,0.5,0.205,1.1055,0.4445,0.227,0.39,16
2172,I,0.215,0.15,0.03,0.0385,0.0115,0.005,0.01,5
3649,I,0.515,0.405,0.13,0.573,0.213,0.134,0.195,9
2647,I,0.5,0.39,0.125,0.583,0.294,0.132,0.1605,8
3420,F,0.595,0.475,0.165,1.148,0.444,0.214,0.37,10
1690,M,0.625,0.5,0.17,1.0985,0.4645,0.22,0.354,9
2558,I,0.405,0.31,0.065,0.3205,0.1575,0.066,0.088,6
1148,M,0.58,0.45,0.145,1.0025,0.547,0.1975,0.2295,8
313,F,0.62,0.47,0.2,1.2255,0.381,0.27,0.435,23
1041,F,0.675,0.57,0.225,1.587,0.739,0.2995,0.435,10
1283,I,0.5,0.375,0.145,0.5795,0.239,0.1375,0.185,9
1753,M,0.72,0.57,0.2,1.8275,0.919,0.366,0.485,10
3194,F,0.61,0.47,0.16,1.017,0.426,0.2255,0.32,12
1363,M,0.61,0.45,0.15,0.871,0.407,0.1835,0.25,10
2139,M,0.68,0.53,0.205,1.496,0.5825,0.337,0.465,14
3047,M,0.59,0.435,0.165,0.9765,0.4525,0.2395,0.235,9
2361,M,0.55,0.45,0.155,0.7895,0.343,0.159,0.25,12
926,I,0.43,0.325,0.09,0.425,0.217,0.087,0.095,7
1217,I,0.315,0.23,0.08,0.1375,0.0545,0.031,0.0445,5
2136,F,0.56,0.425,0.125,0.932,0.361,0.213,0.335,9
155,M,0.515,0.405,0.13,0.722,0.32,0.131,0.21,10
744,M,0.53,0.415,0.13,0.8425,0.275,0.1945,0.265,20
1685,I,0.62,0.45,0.135,0.924,0.358,0.2265,0.2965,10
136,F,0.305,0.23,0.08,0.156,0.0675,0.0345,0.048,7
101,M,0.55,0.435,0.145,0.843,0.328,0.1915,0.255,15
2252,F,0.57,0.46,0.17,1.1,0.4125,0.2205,0.38,14
291,F,0.565,0.505,0.21,1.2765,0.501,0.279,0.355,12
3577,M,0.6,0.475,0.23,1.157,0.522,0.2235,0.36,11
577,F,0.585,0.435,0.175,0.982,0.4055,0.2495,0.27,10
4173,M,0.59,0.44,0.135,0.966,0.439,0.2145,0.2605,10
29,M,0.575,0.425,0.14,0.8635,0.393,0.227,0.2,11
3840,F,0.53,0.41,0.145,0.8255,0.375,0.204,0.245,9
610,F,0.44,0.345,0.17,0.4085,0.15,0.0825,0.1515,12
3506,M,0.625,0.47,0.175,1.179,0.605,0.258,0.271,9
2549,I,0.28,0.21,0.055,0.106,0.0415,0.0265,0.031,5
3156,M,0.535,0.44,0.165,0.875,0.279,0.18,0.3,10
2098,M,0.47,0.35,0.1,0.4775,0.1885,0.0885,0.175,8
26,F,0.58,0.45,0.185,0.9955,0.3945,0.272,0.285,11
3807,F,0.45,0.365,0.115,0.5885,0.318,0.121,0.1325,8
3602,I,0.395,0.3,0.09,0.2855,0.1385,0.0625,0.077,5
1763,M,0.775,0.63,0.25,2.7795,1.3485,0.76,0.578,12
1218,I,0.315,0.23,0.07,0.1145,0.046,0.0235,0.0385,5
3349,I,0.47,0.375,0.105,0.468,0.1665,0.108,0.17,10
2170,M,0.285,0.21,0.075,0.1185,0.055,0.0285,0.04,7
2541,F,0.69,0.55,0.18,1.659,0.8715,0.2655,0.4395,9
1320,I,0.56,0.425,0.135,0.8205,0.3715,0.185,0.236,9
1043,M,0.68,0.535,0.185,1.607,0.7245,0.3215,0.498,12
1850,I,0.485,0.36,0.12,0.5155,0.2465,0.1025,0.147,8
3181,M,0.5,0.385,0.135,0.551,0.2245,0.0715,0.206,11
3380,I,0.19,0.13,0.045,0.0265,0.009,0.005,0.009,5
470,F,0.53,0.44,0.135,0.7835,0.313,0.1715,0.2185,9
3149,F,0.7,0.54,0.215,1.978,0.6675,0.3125,0.71,24
215,M,0.55,0.405,0.14,0.8025,0.244,0.1635,0.255,10
1849,I,0.485,0.385,0.13,0.568,0.2505,0.178,0.154,7
1831,I,0.365,0.27,0.075,0.2215,0.095,0.0445,0.07,6
395,I,0.39,0.31,0.1,0.302,0.116,0.064,0.115,11
733,M,0.505,0.38,0.13,0.656,0.227,0.1785,0.22,13
451,F,0.675,0.535,0.16,1.41,0.592,0.3175,0.42,16
2330,I,0.42,0.345,0.115,0.3435,0.1515,0.0795,0.115,9
889,F,0.685,0.54,0.16,1.6675,0.833,0.3775,0.475,11
1734,M,0.67,0.505,0.16,1.2585,0.6255,0.311,0.308,12
1109,M,0.52,0.4,0.145,0.7765,0.3525,0.1845,0.185,9
3897,F,0.615,0.5,0.165,1.1765,0.488,0.244,0.345,17
797,M,0.44,0.335,0.11,0.394,0.157,0.096,0.122,9
3408,I,0.39,0.315,0.09,0.3095,0.147,0.05,0.09,7
1311,I,0.55,0.43,0.145,0.7895,0.3745,0.171,0.223,11
777,M,0.49,0.38,0.14,0.6385,0.2305,0.142,0.195,13
334,F,0.74,0.6,0.195,1.974,0.598,0.4085,0.71,16
3377,I,0.255,0.19,0.07,0.0815,0.028,0.016,0.031,5
3781,M,0.615,0.455,0.13,0.9685,0.49,0.182,0.2655,10
3669,I,0.585,0.46,0.14,0.7635,0.326,0.153,0.265,9
1669,F,0.61,0.465,0.16,1.0725,0.4835,0.2515,0.28,10
2723,I,0.385,0.3,0.125,0.343,0.1705,0.0735,0.081,7
413,M,0.545,0.44,0.12,0.8565,0.3475,0.1715,0.24,12
3027,I,0.5,0.38,0.135,0.5285,0.226,0.123,0.209,8
3138,M,0.51,0.4,0.14,0.6905,0.259,0.151,0.23,10
815,I,0.325,0.25,0.08,0.1735,0.0765,0.0345,0.049,7
3687,I,0.625,0.485,0.16,1.15,0.5255,0.257,0.3315,11
987,M,0.57,0.445,0.14,1.0635,0.5265,0.2195,0.24,8
301,F,0.54,0.435,0.175,0.892,0.322,0.174,0.335,13
3055,F,0.61,0.495,0.16,1.089,0.469,0.198,0.384,11
1579,I,0.495,0.4,0.105,0.602,0.2505,0.1265,0.19,8
2775,I,0.585,0.46,0.145,0.8465,0.339,0.167,0.295,10
230,M,0.555,0.445,0.135,0.836,0.336,0.1625,0.275,13
4013,M,0.625,0.505,0.175,1.131,0.5425,0.2265,0.323,8
2665,F,0.575,0.48,0.15,0.897,0.4235,0.1905,0.248,8
1263,F,0.455,0.365,0.115,0.4305,0.184,0.108,0.1245,8
2273,F,0.67,0.52,0.15,1.406,0.519,0.348,0.37,13
2028,F,0.57,0.435,0.15,0.8295,0.3875,0.156,0.245,10
1403,F,0.65,0.51,0.17,1.567,0.7245,0.349,0.391,10
1005,M,0.605,0.475,0.155,1.161,0.572,0.2455,0.275,9
1605,I,0.54,0.42,0.14,0.6275,0.2505,0.1175,0.235,9
2085,F,0.705,0.57,0.185,1.761,0.747,0.3725,0.488,10
3147,F,0.645,0.5,0.18,1.2785,0.5345,0.2995,0.345,13
1726,F,0.66,0.535,0.175,1.5175,0.711,0.3125,0.415,12
1228,I,0.36,0.27,0.085,0.196,0.0875,0.035,0.064,4
2874,I,0.425,0.34,0.1,0.371,0.15,0.0865,0.115,8
3411,I,0.43,0.32,0.1,0.3855,0.192,0.0745,0.1,7
2807,M,0.7,0.54,0.205,1.74,0.7885,0.373,0.4865,13
1921,M,0.605,0.47,0.18,1.1155,0.479,0.2565,0.321,10
1550,I,0.385,0.3,0.09,0.308,0.1525,0.056,0.0835,8
2007,I,0.415,0.325,0.11,0.316,0.1385,0.0795,0.0925,8
1786,I,0.535,0.385,0.18,1.0835,0.4955,0.2295,0.304,8
1268,I,0.465,0.34,0.11,0.346,0.1425,0.073,0.113,11
